q,t,x1,y1,x2,y2,conf
520,2026-09-03T14:53:26.855211-03:00,331.9,205.0,374.4,370.4,0.76
521,2026-09-03T14:53:26.912936-03:00,327.7,200.7,371.3,370.0,0.814
522,2026-09-03T14:53:26.991489-03:00,323.4,198.4,368.1,371.1,0.853
523,2026-09-03T14:53:27.111145-03:00,318.0,199.0,364.5,375.5,0.877
524,2026-09-03T14:53:27.161484-03:00,315.8,199.7,364.5,381.6,0.866
525,2026-09-03T14:53:27.209063-03:00,314.4,200.0,364.9,385.5,0.872
526,2026-09-03T14:53:27.268545-03:00,311.2,199.1,362.9,386.8,0.863
527,2026-09-03T14:53:27.358801-03:00,306.2,198.2,358.7,387.5,0.858
528,2026-09-03T14:53:27.419366-03:00,300.6,198.0,353.8,389.1,0.878
529,2026-09-03T14:53:27.510027-03:00,295.7,198.2,350.6,393.7,0.876
530,2026-09-03T14:53:27.562770-03:00,291.9,199.2,347.6,395.6,0.87
531,2026-09-03T14:53:27.685033-03:00,287.6,200.3,345.9,404.1,0.867
532,2026-09-03T14:53:27.768920-03:00,283.9,201.9,345.3,415.3,0.87
533,2026-09-03T14:53:27.822970-03:00,281.0,202.9,345.2,425.7,0.873
534,2026-09-03T14:53:27.869674-03:00,278.4,202.8,344.4,430.7,0.887
535,2026-09-03T14:53:27.938094-03:00,276.6,202.9,343.6,432.5,0.895
536,2026-09-03T14:53:28.141602-03:00,274.7,203.0,342.2,432.1,0.889
537,2026-09-03T14:53:28.195467-03:00,272.6,202.8,340.9,433.2,0.88
538,2026-09-03T14:53:28.235965-03:00,269.9,202.7,339.5,435.3,0.909
539,2026-09-03T14:53:28.277117-03:00,265.9,203.7,338.1,443.7,0.89
540,2026-09-03T14:53:28.333741-03:00,261.7,205.2,337.9,457.8,0.898
541,2026-09-03T14:53:28.374777-03:00,258.9,206.8,337.5,467.7,0.886
542,2026-09-03T14:53:28.424905-03:00,255.6,208.4,336.4,477.2,0.906
543,2026-09-03T14:53:28.551442-03:00,252.2,208.6,334.2,480.0,0.911
544,2026-09-03T14:53:28.593185-03:00,248.5,208.5,331.5,480.0,0.917
545,2026-09-03T14:53:28.694820-03:00,245.4,208.7,329.5,480.0,0.912
546,2026-09-03T14:53:28.767515-03:00,242.2,208.7,327.2,480.0,0.918
547,2026-09-03T14:53:28.797913-03:00,240.3,209.3,326.2,480.0,0.927
548,2026-09-03T14:53:28.859444-03:00,238.7,211.8,325.2,480.0,0.924
549,2026-09-03T14:53:28.931010-03:00,237.8,214.7,325.0,480.0,0.924
550,2026-09-03T14:53:29.003802-03:00,237.5,218.0,325.7,480.0,0.929
551,2026-09-03T14:53:29.076837-03:00,237.1,219.4,326.8,480.0,0.933
552,2026-09-03T14:53:29.202953-03:00,236.4,219.4,328.5,480.0,0.936
553,2026-09-03T14:53:29.221991-03:00,235.4,219.2,330.1,480.0,0.935
554,2026-09-03T14:53:29.337594-03:00,233.7,218.5,331.4,480.0,0.934
555,2026-09-03T14:53:29.377136-03:00,231.4,218.6,331.8,480.0,0.935
556,2026-09-03T14:53:29.439738-03:00,229.3,219.9,332.0,480.0,0.934
557,2026-09-03T14:53:29.511022-03:00,227.2,224.0,331.3,480.0,0.921
558,2026-09-03T14:53:29.585031-03:00,223.8,229.5,329.3,480.0,0.938
559,2026-09-03T14:53:29.706103-03:00,219.4,234.5,326.8,480.0,0.933
560,2026-09-03T14:53:29.780950-03:00,212.7,237.0,323.5,480.0,0.941
561,2026-09-03T14:53:29.846222-03:00,204.0,238.7,319.9,480.0,0.943
562,2026-09-03T14:53:29.912519-03:00,194.4,240.6,316.2,479.9,0.943
563,2026-09-03T14:53:29.952174-03:00,185.2,242.2,313.5,479.9,0.937
564,2026-09-03T14:53:30.020528-03:00,175.3,243.6,310.5,479.9,0.939
565,2026-09-03T14:53:30.082019-03:00,165.4,248.6,306.3,479.9,0.929
566,2026-09-03T14:53:30.159993-03:00,156.2,255.1,302.2,479.8,0.938
567,2026-09-03T14:53:30.232689-03:00,147.3,265.1,296.8,479.7,0.933
568,2026-09-03T14:53:30.299974-03:00,137.4,275.6,290.4,479.7,0.944
569,2026-09-03T14:53:30.377161-03:00,142.7,282.7,297.4,479.8,0.628
570,2026-09-03T14:53:30.452220-03:00,120.6,289.3,279.6,479.8,0.646
571,2026-09-03T14:53:30.570107-03:00,76.6,295.4,230.4,479.8,0.775
